"Nosaukums,Gads,Atsauksmes,Atrašanās vieta,Guļamistabas,Gultas,Cena,Numura kvadratr,Vesels mājoklis,Terase,Sauna,Autostavveita,Wi-fi,Veļas mazgājamā masīna,,Virtuve,Dārzs,Grils,Privāta vannas istaba,,baseins,restorāns,apkalpošana numura,brokastis,bārs"
"Perfectly Central Apartment 5 min to Old Town & Art Noveau.,2022,9,9.7,1,2,130,60,1,,,1,1,,,,,,,,,,,,"
"Rūnēnu tējas namiņš,2019,9.6,9.4,1,3,80,56,1,,,1,1,1,,1,1,1,1,,,,,,"
"Rūnēnu zāļu namiņš,2022,9.5,9.4,1,3,82,66,1,1,,1,1,1,,1,1,1,,,,,,,"
"Hotel Sigulda,2010,8.6,9.5,0,2,62,18,,,,,1,,,,,,,,1,1,1,1,1"
"Liva Hotel,2007,8.3,9.4,0,2,46,16,,,,1,1,,,,,,,,,1,1,1,1"
"Hotel Miķelis,2017,9.4,9.1,0,1,71,22,,,,1,1,,,,,,,,,1,1,1,1"
"Hotel Rojas Pērle,2019,8,9,0,3,70,18,,,,1,1,,,,,,,,,1,1,1,1"
"Park Hotel Latgola,2007,8,9.5,0,2,62,17,,,,1,1,,,,,,,,,1,1,1,1"
"Jēkaba sēta,2014,8.8,9.6,0,2,52,17,,,,1,1,,,,,,,,1,1,1,1,1"
"Jonathan Spa Estate,2013,9,9.4,0,2,229,29,,,,1,1,,,,,,,,1,1,1,1,1"
"Restart,2016,8.9,8.7,0,2,54,23,,,,1,1,,,,,,,,1,1,1,1,"
"Lielupe Hotel SPA & Conferences by Semarah,2010,8.8,9.2,0,2,89,15,,,,1,1,,,,,,,,1,1,1,1,1"
"Hotel Kārklu Muiža,2020,8.8,8.6,0,2,48,21,,,,1,1,,,,,,,,,,1,1,"
"Jaunmoku Palace Complex Hotel,2010,8.6,9.2,0,2,55,17,,,,1,1,,,,,,,,,,,1,"
"Kapteinu Osta,2010,8.5,9.3,1,3,78,49,,,,1,1,,,,,,,,,,1,1,1"
"Ķērpji,2013,9.1,9,1,3,50,45,,,1,1,1,,,,1,1,1,,,,,,"
"Marbella,2012,8.2,9,0,2,27,18,,,,1,1,,,,,,,,,,,,"
"Usma SPA Hotel & Camping,2013,8.9,9.4,2,3,75,18,,,,1,1,,,,,,,,1,1,1,1,1"
"Biplan Hotel,2014,8.6,8.7,0,2,63,19,,,,1,1,,,,,,,,,,,1,1"
"Rožmalas,2015,9.1,9,0,3,60,18,,,,1,1,,,,,,,,,1,1,1,1"
"Daina Jurmala Beach Hotel,2008,7.9,8.7,0,2,68,18,,,,1,1,,,,,,,,1,,,1,"
"Biplan City,2016,8.8,9.3,0,2,68,15,,,,1,1,,,,,,,,,,,1,"
"Hotel Jurmala Spa,2007,8.6,9.4,0,2,80,20,,,,1,1,,,,,,,,,,,1,"
"Odzienas Krogusmāja,2013,9.3,9.3,0,2,50,15,,1,,1,1,,,,,,,,,,,1,"
"Baltvilla,2007,9,9.2,0,2,123,22,,,,1,1,,,,,,,,,1,1,1,1"
"Baltic Beach Hotel & SPA,2012,8.7,9.6,0,2,145,15,,,,,,,,,,,,,1,1,1,1,1"
"Demians,2010,8.2,9.4,0,2,65,18,,,,1,1,,,,,,,,,1,,,1"
"Amrita Hotel,2009,8.9,9.2,0,2,49,15,,,,1,1,,,,,,,,,1,1,1,1"
"Private Farm Jakuzzi Sauna in the forest,2010,9,8.9,0,2,75,80,,,,1,1,,,,,,,,,,,,"
"Reinis,2009,8.9,9.3,0,2,55,18,,1,,1,1,,,,,,,,,,,,"
"Karlamuiza Country Hotel,2010,9.1,9.4,0,2,72,26,,,,1,1,,,,,,,,,1,1,1,1"
"Monika Centrum Hotels,2010,8.6,9.2,0,2,82,20,,,,1,1,,,,,,,,,1,1,1,1"
"Kalna Ligzda,2012,8.9,9.4,0,2,52,15,,,,1,1,,,,,,,,,,1,,"
"VILARHOTEL,2021,8.1,8.3,0,2,96,16,,,,1,1,,,,,,,,1,,,1,"
"Art Hotel Roma,2019,9.4,9.7,0,2,98,22,,,,1,1,,,,,,,,,,,1,1"
"Divas Upes,2011,9.6,9.6,0,2,59,15,,,,1,1,,,,,,,,,1,1,1,1"
"S+W39+3+39:68,2012,8.7,9.6,0,2,50,15,,,,1,1,,,,,,,,,,1,,"
"Port Hotel,2012,8.2,8.7,0,2,87,17,,,,1,1,,,,,,,,1,1,1,1,1"
"Spa Hotel Ezeri,2007,8.3,8.8,0,2,80,15,,,,1,1,,,,,,,,1,1,,1,1"
"Wolmar,2007,9.1,9.4,0,2,55,20,,,,1,1,,,,,,,,,1,1,1,1"
"Hanza Hotel,2007,8.1,8.4,0,2,50,15,,,,1,1,,,,,,,,,,,1,1"
"Bellevue Park Hotel Riga with FREE Parking,2007,8.6,8.7,0,2,62,18,,,,1,1,,,,,,,,,1,1,1,1"
"Hotel Gulbene,2010,8.1,9,0,2,40,28,,,,1,1,,,,,,,,,,,,"
"Wellton Riverside SPA Hotel,2018,8.7,9.4,0,2,78,21,,,,1,1,,,,,,,,1,1,1,1,1"
"Sventes Rasa,2018,9,9.4,1,2,80,29,,,,1,1,,,,,,,,,,,,"
"Svilpaunieki,2018,9.4,9.4,0,2,60,24,,,,1,1,,,,,,,,,,,,"
"Hotel Pils with Self-Check in,2009,8.8,9.6,0,2,47,15,,,,1,1,,,,,,,,,,,,"
"SportHotel,2012,7.8,8,0,2,23,18,,,,1,1,,,,,,,,,1,,1,1"
"Schwanenburg rest,2020,9.4,9.4,1,2,49,30,1,,,1,1,1,,1,1,,1,,,,,,"
"''Ābeļdārza māja'',2022,9.5,9,1,2,141,45,1,,,1,1,,,1,1,1,,,,,,,"
"Radisson Blu Latvija Conference & Spa Hotel, Riga,2009,8.7,9.6,0,2,86,19,,,,,1,,,,,,,,1,,,,"
"Elen White Apartment,2019,9.3,9.5,1,2,58,41,1,,,1,1,1,,1,,,1,,,,,,"
"Rija Bauska Hotel,2007,8.1,8.9,0,2,53,15,,,1,1,1,,,,,,,,,,,,"
"Aparjods,2010,8.8,8.9,0,2,63,26,,,,1,1,,,,,,,,,1,1,1,1"
"Viesu nams Krauklīši,2020,8.1,9.3,7,14,400,320,1,,,1,1,1,,1,1,1,,,,,,,"
"Skrundas muiža,2012,9.6,9.4,0,2,90,23,,,,1,1,,,,,,,,,1,1,1,1"
"Silene Resort & Spa,2013,9.2,9.2,0,2,119,60,,,,1,1,,,,,,,,1,1,1,1,1"
"Bille,2010,9.4,9.4,0,2,45,18,,,,1,1,,,,,,,,1,,,,"
"Malpils Manor,2010,9.3,9.3,0,2,110,20,,,,1,1,,,,,,,,,1,1,1,1"
"Čill easy,2021,8.8,9.1,0,2,65,16,,,,1,1,,,,,,,,,,,1,"
"Hampton by Hilton Riga Airport,2022,9.2,9.2,0,2,63,20,,,,1,1,,,,,,1,,,,,,"
"Olimpija Hotel & SPA,2010,7.9,7.9,0,2,45,16,,,,1,1,,,,,,,,,,,,"
"Jaun-Ieviņas,2013,9.5,9.3,0,2,69,18,,,,1,1,,,,,,,,,,,1,"
"7Mirrors,2022,9.8,9.6,0,2,252,25,,,,,1,,,,,,,,,,,,"
"Lāde,2015,9,9.2,0,2,110,60,,,,1,,,,,,,,,,,,,"
"Viesu nams Melnsils,2015,8.5,9.5,0,2,75,15,,,,1,1,,,,,,,,,1,,,"
"Veldzes Nams,2012,8.9,8.8,0,2,55,16,,,,1,1,,,,,,,,,,,,"
"Durbes Atvari - brīvdienu mājas ar saunu,2012,9.3,9.4,2,4,95,55,,,,1,1,,,,,,,,,,,,"
"Kolonna Hotel Rēzekne,2008,7.6,8.8,0,2,52,22,,,,1,1,,,,,,,,,1,1,1,1"
"Chill Inn,2015,9.1,9.6,0,2,57,23,,,,1,1,,,,,,,,,,,1,"
"Baltā māja,2012,8.9,9.6,0,2,30,15,,,,1,1,,,,,,,,,1,,1,"
"Apartamenti Jēkabpilī,2016,8.7,8.7,1,3,55,30,1,,,1,1,,,1,,,,,,,,,"
"Viktorija,2009,7.7,8.6,0,2,57,20,,,,1,1,,,,,,,,,,,,1"
"Briežu Stacija Off Grid Cabin,2021,9.6,9.4,1,2,150,23,1,,,1,1,,,,1,1,,,,,,,"
"Hotel Cēsis,2007,9,9.8,1,2,72,18,,,,1,1,,,,,,,,,,,1,1"
"Camping Milk,2020,9.3,9,0,2,55,15,,,,1,,,,,,,,,,,,,"
"Rixwell Segevold Hotel,2010,8,8,0,2,61,20,,,,1,1,,,,,,,,1,,,1,"
"Blue Bird Hostel in Riga Old Town,2020,8.9,9.8,0,2,53,16,,,,1,1,,,,,,,,,,,,"
"Hotel Madona,2012,8.7,9.3,0,2,52,19,,,,1,1,,,,,,,,,,,,"
"VB māja,2023,9.1,9.1,0,2,75,16,,,,1,1,,,,,,,,,,,1,"
"RUMI Hotel,2020,9.2,9.3,0,2,54,23,,,,1,1,,,,,,,,,,,1,"
"Mārcienas Muiža un SPA,2009,8.3,8.9,0,2,115,16,,,,1,1,,,,,,,,,1,1,1,1"
"Namiņš,2017,8.6,8.6,1,2,30,32,1,1,,1,1,,,1,1,1,1,,,,,,"
"Viesnīca Kandava,2023,8.8,9.3,0,2,45,24,,,,1,1,,,,,,,,,,,1,1"
"Holiday Home Bērzlejas,2014,9.5,9.7,1,2,65,50,1,1,,1,1,,,1,1,1,,,,,,,"
"Million star hotel Latgale,2023,9.6,9.5,1,2,68,18,,,,1,1,,,,,,,,,,,,"
"Duseli Holiday House Tutti,2010,9.6,9.4,1,2,124,20,,,,1,1,,,,,,,,,,,,"
"Radisson Blu Elizabete Hotel, Riga,2009,9,9.6,0,2,86,27,,,,1,1,,,,,,,,,,,1,1"
"Hotel Kolumbs,2009,8.8,9,0,2,43,15,,,,1,1,,,,,,,,,1,,1,1"
"Glamping DiDille,2020,9,8.9,0,2,119,28,,,,1,1,,,,,,,,,,,,"
"Hostel Sili,2019,8.7,8.5,0,2,40,16,,,,1,1,,,,,,,,,,,,"
"Albatross Getaway by the sea, SPA and forest with a Terrace,2022,9.5,9.5,1,2,83,39,1,1,,1,1,,,1,1,1,1,,1,,,,"
"Skangaļu muiža,2015,9,8.6,0,3,40,15,,,,1,1,,,,,,,,,,,,"
"Pine Resort,2009,8.9,9.4,0,2,60,18,,,,1,1,,,,,,,,,1,1,1,1"
",.,,7 7 8,2009,6.4,8,0,2,40,23,,,,1,1,,,,,,,,1,1,1,1,1"
"Roze Guest Houses Sklandas,2017,8.8,9.5,1,3,110,50,,,,1,1,,,,,,,,,,,,"
"Ibis Riga Centre,2016,8.2,9.3,0,2,46,16,,1,,,1,,,,,,1,,,,,1,"
"Old Town Apartments,2019,8.6,9.3,1,2,39,17,1,,,1,1,1,,1,1,,,,,,,1,"
"Saules rati,2017,8.4,9.7,0,2,34,20,,,,1,1,,,,,,,,,,,1,"
"Smeceres krogs,2010,8.6,8.9,0,2,48,30,,,,1,1,,,,,,,,,,,1,"
"AC Hotel by Marriott Riga,2010,8.5,9.3,0,2,86,18,,,,1,1,,,,,,1,,,1,1,1,1"
"Radisson Blu Daugava Hotel, Riga,2007,8.5,9.2,0,2,78,16,1,1,,,,,,,1,,1,,,1,1,1,1"
"Wild Duck,2011,7.5,8.8,0,2,55,25,,,,1,1,,,,,,,,,,,,1"
"Otrā Elpa,2013,8.1,8.7,0,2,40,22,,,,1,1,,,,,,,,,,,1,"
"Park Inn by Radisson Riga Valdemara,2016,8.9,8.8,0,2,61,18,,,,1,1,,,,,,,,,1,,1,1"
"ROOM 10,2019,9.5,9.2,1,2,53,33,1,,,1,1,,,,,,1,,,,,,"
"Latgale,2013,6.7,8.9,0,2,50,20,,,,1,1,,,,,,,,,1,,1,1"
"Hotel Jelgava,2009,8.8,9.5,0,2,105,20,,,,1,1,,,,,,,,,1,1,1,1"
"Laguna House,2012,7.9,8.6,0,2,69,20,,,,1,1,,,,,,,,,1,1,1,1"
"Pussala Latgalē,2022,9.8,9.9,1,2,98,24,1,1,,1,1,,,1,1,1,1,,,,,,"
"Tallink Hotel Riga,2010,8.1,9,0,2,77,16,,,,1,1,,,,,,,,,,,1,1"
"Elīna,2010,7.1,8.7,0,2,35,15,,,,1,1,,,,,,,,,,1,1,1"
"Villa Santa,2017,9.2,9.2,0,2,149,27,,,,1,1,,,,,,,,,1,1,1,1"
"Avalon Hotel & Conferences,2010,8.8,9.4,0,2,78,26,,,,1,1,,,,,,,,,1,1,1,1"
"Priedes māja,2022,9.3,9.3,0,2,43,15,,,,1,1,,,,,,,,,,,1,1"
"Dižpriedes,2020,9,9.5,0,2,50,16,,,,1,1,,,,,,,,,,,,"
"Katrin Apartments,2015,9.1,9.3,0,2,113,61,1,1,,1,1,1,,1,,,,,,,,,"
"Čapu Liepu sauna,2021,9.8,9.8,1,3,110,100,1,1,1,1,1,,,,1,,,,,,,,"
"Seaside apartments,2021,9.6,9.1,1,2,75,65,1,1,,1,1,1,,1,1,,1,,,,,,"
"Vanaga Ligzda,2014,8.2,8.7,0,2,55,29,,,,1,1,,,,,,,,,,,1,1"
"Dīķsalas,2014,9.2,9,0,2,15,16,,,,1,1,,,,,,,,,,,,"
"Cafe Hotel Rudzons,2012,8.4,9.2,0,2,39,18,,,,1,1,,,,,,,,,1,1,1,1"
"Hotel Tigra,2014,8.1,8.3,0,2,58,17,,,,1,1,,,,,,,,1,,,1,"
"ApartHotel Riga,2012,7.9,8.3,0,2,27,20,1,1,,1,1,1,,,,,,,,,,,"
"Rixwell Konventa Seta Design Hotel,2005,8.4,9.6,0,2,68,20,,,,1,1,,,1,,,,,,,,1,"
"Stadium Hotel,2022,9,8.5,0,2,45,24,,,,1,1,,,,,,,,,,,1,"
"Roze Villa,2012,9.1,9.6,0,2,50,17,,,,1,1,,,,,,,,,1,1,1,1"
"Mētras Māja,2013,8.8,9.4,0,2,48,15,,,,1,1,,,,,,,,,,,,"
"Usmas muiža,2020,9.2,9.6,0,2,70,23,,,,1,1,,,,,,,,,1,1,1,1"
"Hotel Senlīči,2015,9,9.1,0,2,55,15,,,,1,1,,,,,,,,,,,1,"
"Dzirnaviņas,2014,9.2,9.1,0,2,35,16,,,,1,1,,,,,,,,,1,,1,"
"Mercure Riga Centre,2014,8.4,9.1,0,2,95,20,,,,1,1,,,,,,,,,1,1,1,1"
"Hotel Mare & Restaurant,2011,8.2,9.1,0,2,57,15,,,,1,1,,,,,,,,,1,1,1,1"
"Dzintars Hotel,2010,8.4,8.3,0,2,95,25,1,1,,1,1,1,,,1,,,,,1,1,1,1"
"Balvi Hotel,2010,7.8,9.1,0,2,46,15,,,,1,1,,,,,,,,,,,,"
"Family Hotel,2016,9.5,8.6,2,7,50,60,,,,1,1,,,,,,,,,,1,,"
"Closer to the Sea,2022,9.6,9.5,1,2,65,50,1,1,,1,1,1,,1,,,,,,,,,"
"O.K. Hotel,2017,9.1,9.1,0,2,40,40,,,,1,1,,,,,,,,,,,,"
"Ierullē,2013,7.8,9.5,0,2,35,16,,,,1,1,,,,,,,,,,,,"
"Holiday Apartment,2015,9.5,9.8,1,5,34,65,1,,,,,1,,1,,,,,,,,,"
"SPA&Hotel MŪSA PARADISE,2020,8.4,8.4,0,2,53,35,,,,1,1,,,,,,,,1,1,1,1,1"
"Black Pearl Apartments,2019,9.1,9.1,1,2,105,35,1,1,,1,1,1,,1,,,,,,,,,"
"ESSE Apartament,2012,9.2,8.8,1,2,50,38,1,1,,1,1,,,,,,1,,,,,,"
"Ežmalas,2016,9.1,9.3,1,8,76,40,,,,1,1,,,,,,,,,,,,"
"A1 Hotel Riga City Center,2009,7.9,8.6,0,2,65,16,,,,1,1,,,,,,,,,,,1,1"
"Jaunsētas,2010,8,9.2,0,2,45,28,,,,1,1,,,,,,,,,1,,,1"
"Saules Club Apart Hotel,2014,9.1,9.6,1,2,81,45,1,1,,1,1,1,,1,1,1,,,,,,,"
"Oškrogs,2012,8.1,8.3,0,2,45,15,,,,1,1,,,,,,,,,1,,1,1"
"Saulrieti,2010,8.4,9.7,1,2,55,16,,,,1,1,,,,,,,,,,,,"
"Nameja Apartments,2019,9,9.2,1,4,39,55,1,,,1,1,,,1,,,,,,,,,"
"Trejdekšņi,2019,9.7,9.5,2,4,165,120,1,1,,1,1,1,,1,1,1,,,,,,,"
"Pilkalnes muiža,2013,9.1,9.1,0,2,50,18,,,,1,1,,,,,,,,,,,,"
"Pilsberģu krogs,2013,9.1,9.6,0,2,59,15,,,,1,1,,,,,,,,,1,1,1,1"
"Pullman Riga Old Town,2016,8.9,9.3,0,2,94,24,,,,1,1,,,,1,,,,1,1,1,1,1"
"Vāgnera parks,2009,8.9,9.3,0,2,75,18,,,,1,1,,,,,,,,,,,1,1"
"Cinnamon Sally Backpackers Hostel,2010,9.2,9.6,0,2,78,10,,,,1,1,,,,,,,,,,,1,1"
"NB Hotel with Free Parking,2005,7.8,8,0,2,53,22,,1,,1,1,,,,,,,,,,,,"
"Lapsu ciems,2022,9.4,9.7,1,3,92,25,1,1,1,1,1,,,,1,1,1,,,,,,"
"Dižpriedes,2020,9,9.5,0,2,50,16,,,,1,1,,,,,,,,,,,,"
"Kempings Mežvēji,2023,9.4,9.5,0,2,40,29,,,,1,,,,,,,,,,,,,"
"Dinaburg SPA Hotel,2009,7.8,8.1,0,2,41,15,,,,1,1,,,,,,,,1,1,1,1,1"
"Lapegle,2023,9.4,9.4,0,2,36,15,,1,,1,1,,,,,,,,,,,,"
"Villa Joma,2009,9.2,9.8,0,2,75,15,,,,1,1,,,,,,,,,1,1,1,1"
"Hotel Grasu Pils,2010,9.3,8.7,0,2,60,24,,,,1,1,,,,,,,,,,,,"
"Šlokenbekas Muiža,2014,8.7,9,0,3,50,17,,,,1,,,,,,,,,,1,,1,"
"Maestro Design Hotel,2009,9.3,9.7,0,2,73,20,,,,1,1,,,,,,,,,,1,1,1"
"Lakeside Escape,2023,9.7,9.7,4,5,389,350,1,1,,1,1,,,1,1,1,,,,,,,"
"Viestura apartamenti,2018,7.9,9.4,1,2,33,30,1,,,1,1,,,1,,,1,,,,,,"
"Upes Māja,2022,9.8,9.8,1,2,154,35,1,1,,1,1,1,,1,1,,,,,,,,"
"Park Hotel Brūzis,2009,8.9,9.5,0,2,70,21,,,,1,1,,,,,,,,,1,1,1,1"
"Brīvdienu māja Melderi,2014,9.2,9.3,0,2,35,15,,,,1,1,,,,,,,,,,,,"
"Imantas nams,2013,8.3,9.5,0,2,71,17,,,,1,1,,,,,,,,,1,1,1,1"
"Wellton Riga Hotel & SPA,2015,8.5,9.4,0,2,70,17,,,,1,1,,,,,,,,1,1,1,1,1"
"Rixwell Old Riga Palace Hotel,2009,7.7,9.2,0,2,58,16,,,,1,1,,,,,,,,,1,1,1,1"
"Anna's apartments,2022,9.7,9.8,1,5,64,32,,,,1,1,1,,1,,,1,,,,,,"
"Wellton Centrum Hotel & SPA,2013,0.3,9.6,0,2,72,15,,,,1,1,,,,,,,,1,1,1,1,1"
"Old Riga Plaza Hotel,2021,8.3,9.4,0,2,122,22,,1,,1,1,,,,,,,,,,,1,"
"Primo Hotel,2009,8.1,8.4,0,2,49,19,,,,,,,,,,,,,,,1,1,1"
"Fox Apartments - Pie Lapsas,2020,9.4,9.3,1,2,40,26,,,,1,1,,,,,,,,,,,,"
"Hilton Garden Inn Riga Old Town,2019,8.9,9.7,0,2,83,22,,,,1,1,,,,,,,,,1,1,1,1"
"Grand Poet Hotel and SPA by Semarah,2017,9.3,9.7,0,2,169,23,,,,1,1,,,,,,,,1,1,1,1,1"
"Vonadziņi,2013,7.7,8.7,0,2,50,24,,,,1,1,,,,,,,,,1,1,1,1"
"Brīvdienu māja ""Celmiņi"" un melnās pirts pieredze,2018,9.7,9.6,3,4,58,85,1,1,,1,1,,,1,1,1,,,,,,,"
"Lejasbisenieki,2017,9.7,9.7,2,6,100,100,1,1,1,1,1,,,1,,1,1,,,,,,"
"Vucini,2015,9.6,9.3,2,5,110,140,1,1,,1,1,1,,1,1,1,,,,,,,"
"Hotel Valdemars Riga managed by Accor,2008,8.2,9.2,1,2,60,18,,,,1,1,,,,,,,,,,1,1,1"
"Mazā Kāpa,2013,8.8,8.6,0,2,40,41,,,,1,1,,,,,,,,,,,,"
"Lucia,2012,8,9.3,0,2,53,25,1,,,1,1,,,,,,,,,1,,1,1"
"Aparthotel Amella,2022,9.4,8.8,0,2,93,26,,,,1,1,1,,1,1,,1,,,,,,"
"Anna's apartments,2022,9.8,9.7,1,5,64,32,,,,1,1,,,,,,,,,,,,"
"Stabu Sēta Residence,2018,8.4,9,0,2,79,22,1,,,1,1,,,1,1,,1,,,,,,"
"Radisson Hotel Old Town Riga,2013,8.7,9.6,0,2,89,16,,,,,1,,,,,,,,,,1,1,1"
"Center Orange house,2019,9.3,9.5,3,5,115,20,1,,,,,,,,,,1,,,,,,"
"Irbēni,2016,8.7,8.8,0,2,60,25,,,,1,1,,,,,,,,1,1,1,1,1"
"Black Pearl Apartments,2019,9.1,9.1,1,2,105,35,1,1,,,,1,,1,1,1,,,,,,,"
"Līgatnes Zemturi,2015,8.6,8.3,3,10,295,150,1,1,1,,,,,1,1,1,,,,,,1,"
"Riverside Motel Jelgava,2014,7.3,7.3,0,2,38,25,,,,1,1,,,,,,,,,,,,"
"Murmuļmuiža,2015,9.6,9.7,2,3,130,85,1,1,,1,1,,,1,1,1,,,,,,,"
"Dzintarjura,2009,7.4,8.9,0,2,64,20,,,,1,1,,,,,,,,,,,1,"
"Porto Resort,2007,8.2,9,0,2,65,15,,,,1,1,,,,,,,,,1,1,1,1"
"Guest House Mazais Ansis,2012,9.2,9,0,2,60,15,,,,1,1,,,,,,,,,1,,,1"
"Pine Nook,2018,9.6,9.4,1,3,90,40,,1,,1,1,,,,1,1,1,,,1,,1,1"
"Hotel Klidzina,2013,8.6,9.1,0,3,50,20,,,,1,1,,,,,,,,,1,1,1,1"
"Central Riverside Apartments,2016,9.1,9.3,1,3,39,29,1,,,1,1,1,,1,1,1,1,,,,,,"
"Kempings ""Noras"",2017,9.3,9.8,0,4,110,25,,,,1,1,,,,,,,,,1,1,1,1"
"Vārves Muiža,2022,9,9.4,0,3,30,38,,,,1,1,,,,,,,,,,,,"
"Forums Boutique Hotel,2010,8.5,9.6,0,2,97,15,,,,1,1,,,,,,,,,1,1,1,1"
"Boutique Hotel Roja,2012,8.5,9.4,0,2,65,16,,,,1,1,,,,,,,,,,,,1"
"Nika Apart Hotel,2017,8.4,9.3,0,2,58,18,,,,,1,,,,,,1,,,,,,"
"Fotogrāfa Apartamenti,2015,9.5,9.9,1,2,60,30,1,1,,1,1,,,1,,,1,,,,,,"
"Grundenberga,2022,9.3,8.9,0,2,50,20,,,,1,1,,,,,,,,,,,,"
"Anna's guesthouse,2020,8.6,8.8,0,2,38,15,,,,1,1,,,,,,,,,,,,"
"Atpūtas vieta Ežezers,2019,8.6,9.3,3,5,152,250,1,1,,1,1,,,,,1,,,,,,,"
"Pegasa Pils Spa Hotel,2010,7.9,9.6,0,2,94,18,1,,,1,1,,,,,,,,,1,1,1,1"
"Ēdoles Pils,2015,9,9.3,0,2,65,16,,,,1,1,,,,,,,,,1,1,1,1"
"7Mirrors,2022,9.9,9.5,1,2,254,24,1,1,,1,1,,,1,1,1,,,,,,,"
"Hotel Tukums,2012,7.9,9.1,0,2,40,16,1,,,1,1,,,,,,,,,1,,,1"
"Motelis Bu-Bu,2014,8.1,8.7,0,2,55,15,,,,1,1,,,,,,,,,,,,1"
"Bahnhofs hotel,2019,9.4,9,0,2,95,20,,,,1,1,,,,,,,,,,,1,1"
"Skujas,2020,8.9,9,0,2,55,38,,,,1,1,,,,,,,,,,,,"
"Brīvdienas,2019,8.2,8.2,0,2,29,15,,,,1,1,,,,,,,,,,,,"
"Roze Boutique Hotel,2008,9.4,9.8,0,2,75,26,,,,1,1,,,,,,,,,1,1,1,1"
"Add Story Guest House,2019,7.9,8.7,1,2,60,24,,,,1,1,,,1,1,1,1,,,,,1,"
"Rixwell Gertrude Hotel,2009,8.1,8.2,0,2,52,18,,,,1,1,,,,,,,,,,,1,"
"Mosaic Hotel,2015,7.7,9,0,2,57,15,,,,1,1,,,,,,,,,,,1,"
"Lucia,2012,8,9.4,0,2,53,25,,,,1,1,,,,,,,,,1,,1,1"
"Draudzības alejas apartamenti,2022,9,8.7,1,3,51,45,1,,,1,1,1,,1,,,1,,,,,,"
"1+247:247,2013,7.9,8.7,0,2,81,35,,,,1,1,,,,,,,,,1,,1,1"
"Agate Hotel,2014,8.3,8.5,0,2,39,18,,,,1,1,,,,,,,,,,,1,"
"Glūdas Grava,2015,8.8,9.1,1,2,55,35,1,,,1,1,,,,,,,,,,,,"
"Marbella Rezidence,2018,8.8,9.4,1,2,38,37,1,,,1,1,,,1,,,1,,,,,,"
"Smart Inn,2020,8.1,9,0,2,50,18,1,,,1,1,,,,,,1,,,,,,"
"Happy Hotel,2014,7.8,7.8,0,2,34,17,,,,1,1,,,,,,,,,,,,"
"Xcelsus, free parking,2007,8.4,8.2,0,2,60,20,,,,1,1,,,,,,,,,,1,1,"
"Silene Resort & SPA Egles Villa,2018,9.1,8.3,0,2,94,19,,,,1,1,,,,,,,,,1,1,1,1"
"Studio type apartment in Ķegums,2023,8.8,9.1,1,2,45,40,1,,,1,1,,,1,,,1,,,,,,"
"Skandi Appartments in Saldus city center,2023,9.6,9.7,1,2,59,50,1,,,1,1,,,1,,,1,,,,,,"
"Pretty Apartment,2016,9,9,1,2,65,37,1,,,1,1,1,,1,,,1,,,,,,"
"Guest house Baltika,2021,8.6,9,0,2,35,30,,,,1,1,,,,,,,,,,,,"
"Timemachine Apartment,2020,9.2,9.6,1,3,41,55,1,,,1,1,1,,1,1,,1,,,,,,"
"Vienības,2023,9,9,1,3,40,45,1,,,,,1,,1,,,1,,,,,,"
"Holiday home Tūjas,2017,9.1,8.8,1,7,45,65,1,,1,1,1,1,,,1,1,,,,,,,"
"Sunset House,2014,10,10,1,7,235,200,1,,,1,1,,,1,1,1,,,,,,,"
"Krāslava City Apartment,2017,8.4,8.9,1,1,40,22,1,,,1,1,1,,1,,,1,,,,,,"
"M14 Apartment,2021,9.3,9.5,1,2,40,45,1,,,1,1,1,,1,,,1,,,,,,"
"Radi,2011,8.8,9.3,0,2,58,20,1,,,1,1,,,,,,,,,,,,"
"Vecliepas,2013,8.9,9.3,1,2,175,115,1,1,,1,1,1,,1,1,1,,,,,,,"
"Albatross Beach Apartment - SPA, Sea and Forest,2022,9.8,9.8,1,2,95,39,1,,,1,1,,,1,1,,,,1,1,,,1"
"STORIES Design ApartHotel,2023,9.6,9.9,1,4,155,85,1,1,,1,1,1,,1,,,,,,,,,"
"SanMari,2017,8.7,8.8,0,2,65,24,1,,,1,1,,,,,,,,,1,1,1,1"
"Kempings Liepene,2015,8.2,9.3,0,3,35,16,,,,1,1,,,,,,,,,,,,"
"Alberta Dīķi,2014,8.3,9.1,1,2,40,,,1,,1,1,,,1,,1,1,,,,,,"
"Dzirnavkalns,2017,9.8,9.6,2,6,85,75,1,,1,1,1,,,1,1,1,1,,,,,,"
"Dundagas Pils,2014,9.1,9.4,0,2,40,20,,,,1,1,,,,,,,,,,,,"
"Albatross Mini - 2 Room Seaside Air-conditioned Apartment with Balcony,2022,9.3,9.6,1,2,116,46,1,1,,1,1,1,,1,1,1,,,1,,,,"
"Beach Paradise Apartments,2019,9.5,9.9,2,2,67,45,,,,,1,1,,1,,,,,,,,,"
"Rijnieki upes namiņš,2021,9.1,9.4,1,2,49,15,,,,1,1,,,,,,,,,,,,"
"Latvijas Sarkanā Krusta viesnīca,2015,9.2,9.4,0,2,40,30,,,,1,1,,,,,,,,,,,,"
"Dzeni,2017,9.5,9.7,0,3,46,24,,,,1,1,,,,,,,,,,,,"
"Apartamenti Ezera Pērle,2023,9.8,9.8,1,2,59,29,,,,1,1,,,1,,,1,,,,,,"
"Viesu nams Krauklīši,2020,8.1,9.3,7,14,400,320,,,,1,1,,,1,1,1,1,,,,,,"
"Guest House Pītagi,2012,9,9.3,0,3,90,40,,,,1,1,,,1,1,1,,,,,,,"
"Stella,2017,9.3,9.8,3,5,249,160,1,1,,1,1,1,,1,1,1,1,,,,,,"
"Babite Guest House,2017,7.1,8,0,3,30,45,1,,,1,1,,,,,,,,,,1,1,"
"Brīvdienu māja Melderi,2014,9.2,9.3,0,2,35,15,1,,,1,1,,,,,,,,,,,,"
"Allure Rooms & Coffee,2019,9.2,9.8,0,2,50,18,,,,1,1,,,,,,,,,,,,"
"Schwanenburg rest,2020,9.3,9.4,1,2,49,30,,,,1,1,,,,,,,,,,,,"
"Dandzenieki,2019,9.2,9.8,0,2,40,20,,,,1,1,,,,,,,,,,,,"
"Upes apartamenti Nr: 32,2022,9.7,8.5,1,2,54,52,1,,,1,1,1,,1,,,1,,,,,,"
"Brīvdienu māja ""Raudiņi"",2017,8.9,9,1,2,55,24,1,1,,1,1,,,1,1,1,1,,,,,,"
"Skrunda Apartments Elvira,2023,9.8,9.5,0,2,53,49,1,,1,1,1,,,1,1,,,,,,,,"
"Guest house Jumiezis,2017,8.7,9.5,0,3,35,20,1,,,1,1,,,,,,,,,,,,"
"Brīvdienu māja Mazie Oši,2022,9.7,9.8,3,4,101,170,1,1,,1,1,1,,1,1,1,1,,,,,,"
"Hotel Jugend with Self Check-in,2013,9.2,9.5,0,2,39,25,1,,,1,1,,,,,,,,,,,,"
"Guest House Karle,2016,9,8.9,0,2,80,20,1,,,1,1,,,,,,,,,,1,1,1"
"Rija Domus Hotel,2007,7.5,9.6,0,2,61,18,1,,,1,1,,,,,,,,,,,1,"
"Orange Cat Rooms,2016,9,9.6,0,2,45,15,1,,,,1,,,,,,,,,,,,"
"Rita Sapnis,2023,9.7,9.4,1,2,100,25,1,1,,1,1,,,,1,,1,,,,,,"
"Tukuma Ledus Halle,2009,8.2,9,0,2,40,15,,,,1,1,,,,,,,,,,,,"
"Aņutas flat,2023,7.7,8,1,2,39,34,1,,,1,1,,,1,1,,1,,,,,,"
"Tree house Linde,2020,9.6,9.6,0,2,55,30,1,,,1,1,,,,1,1,,,,,,,"
"Lība Apartments,2017,9.1,9.6,1,3,46,25,1,,,1,1,,,,1,,,,,,,,"
"Roberta Hercberga Apartamenti,2015,9,9.8,2,2,70,35,1,,,1,1,1,,1,,,1,,,,,,"
"Viesu nams RŪĶĪŠI,2017,9.2,9,2,4,60,35,1,,,1,1,,,,,,,,,,,,"
"Apartamenti Jēkabpilī,2016,8.7,8.7,1,3,55,30,1,,,1,1,,,1,,,1,,,,,,"
"Saliņmuižas namiņš,2020,9.3,9.2,2,4,72,48,1,1,,1,1,,,1,1,1,,,,,,,"
"Ārpus laika (Beyond the time),2019,9.5,9.7,0,1,155,41,1,,,1,1,,,,,,,,,1,1,1,1"
"""Čiekuri"",2018,9,9.4,1,6,60,35,1,1,1,1,1,,,,1,1,1,,,,1,1,1"
"Hotel Saida,2019,9,9.3,1,2,55,20,,,,1,1,,,,,,,,,,,,"
"Daugavkrasti Hotel,2011,8.2,8.6,0,2,55,25,1,,,1,1,,,,,,,,,,,,"
"Seaside apartments,2021,9.6,9.1,1,2,75,65,1,1,,1,1,1,,1,,,1,,,,,,"
"NB Apartments Riga Old Town,2020,8.6,9.5,1,2,66,18,1,,,,1,,,1,,,1,,,,,,1"
"Rijnieki upes namiņš,2021,9.1,9.4,1,2,49,15,1,,,1,,,,,,,,,,,,,"
"Viesnīcas Jolanta apartamenti,2015,7.6,7.6,0,2,45,24,,,,1,1,,,,,1,,,,,,,"
"Lielbrieži 8,2018,9,8.6,1,6,124,55,1,1,1,1,1,1,,1,1,1,1,,,,,,"
"Cosy and Charming apartment,2020,8.7,8.5,1,2,54,50,1,,,1,1,1,,1,,,1,,,,,,"
"Didrihsonu Rezidence,2023,8.5,8,1,2,60,35,1,,,1,1,1,,1,,,,,,,,,"
"Laukbaloži Holiday houses,2022,8.7,8.2,2,3,97,60,1,1,,1,1,,,,1,1,,,,,,,"
"Laguna House,2012,7.9,8.6,0,2,69,20,1,,,1,1,,,,,,,,,1,1,1,1"
"Ragnar Glamp Koknese,2021,9.4,9.4,1,2,155,24,1,1,,1,1,,,1,1,,,,,,,,"
"Motelis Astarte,2015,8.6,8.8,0,4,30,34,1,,,1,1,,,,,,,,,,,,"
"Park Inn by Radisson Residence Riga Barona,2016,9.2,9.3,0,2,120,29,1,1,,1,1,,,,,,,,,,,,"
"Green Valley vacation homes,2019,9.3,9.1,1,3,100,50,1,1,,1,1,,,1,1,1,1,,,,,1,"
"My Hotel OK & Coliving,2009,7.3,8,0,2,49,21,1,1,,1,1,,,,,,,,,,,1,"
"Atpūtas centrs Paideri,2014,8.1,9.1,0,2,30,15,1,,,1,1,,,,,,,,,,,,"
"Dunduriņi,2019,9.6,9.6,1,2,85,24,1,,,1,1,,,,,,,,,,,,"
"Vecliepas,2013,8.9,9.3,1,2,100,115,1,,,1,1,,,,,,,,,,,,"
"Sapņi,2021,9.7,9.5,1,4,90,24,1,1,,1,1,,,,1,1,,,,,,,"
"Spacious house with indoor pool & sauna.,2022,9.8,9.6,1,2,135,200,1,1,,1,1,,,1,1,1,,,1,,,,"
"Viesu māja Kolnā pie Adamovas ezera.,2023,9,10,2,4,73,50,1,1,1,1,1,,,1,1,1,1,,,,,,"
"Dore,2021,9.8,9.3,1,6,117,80,1,1,,1,1,1,,1,1,1,,,,,,,"
"Rose Valley Cottage,2023,8.9,9.3,1,2,114,24,1,1,,1,1,1,,1,1,,1,,,,,,"
"Sky High Hotel Airport 200 meters from the terminal,2010,8,9.4,1,2,105,30,1,,,1,1,,,,,,,,,1,1,1,1"
"Rozenstein design apartment,2019,9.6,9.5,1,3,59,49,1,,,1,1,1,,1,,,,,,,,,"
"Silversmith's Residence in Old Riga,2022,9.5,9.7,1,2,137,35,1,,,1,1,1,,,,,1,,,,,,"
"Pie Jūras,2023,9.6,10,2,4,54,107,1,,,1,1,1,,1,1,,1,,,,,,"
"Silmači,2014,8.7,9.5,0,2,40,16,,,,1,1,,,,,,,,,,,,"
"Skrunda Apartments Elvira,2023,9.8,9.5,2,4,53,49,1,,1,1,1,,,1,1,,,,,,,,"
"Guest house Laimes taure,2022,9.3,9.3,1,2,175,45,1,1,1,1,1,,,1,1,1,1,,,,,1,"
"Rakši,2008,9,9.3,0,2,77,20,1,,,1,1,,,,,,,,,,,,"
"Stamerienas Apartamenti,2017,9.2,9.5,0,2,55,43,1,,,1,1,1,,1,1,1,,,,,,,1"
"Hotel Ergli,2010,8.1,8.9,0,2,70,18,1,,,1,1,,,,,,,,1,1,,1,1"
"NB Apartments Riga Old Town,2020,8.6,9.5,1,2,66,18,1,,,1,1,,,1,,,1,,,,,,1"
"Nameja Best view apartamenti,2022,9.2,9.1,1,2,43,53,1,,,1,1,1,,1,,,,,,,,,"
"Trommeļa brīvdienu mājiņas-kempings,2019,9.4,9.6,0,2,40,20,1,,,1,1,,,,,,,,,,,,"
"Salnēni,2022,9.9,9.7,1,2,80,24,1,1,,1,1,1,,1,1,1,,,,,,,"
"Villa Lettonia,2022,9.9,10,0,2,145,18,1,,,1,1,,,1,,,,,1,,,,"
"Guest House Garoza,2021,9.1,9.4,1,2,105,14,1,1,,1,1,,,,1,,,,,,,,"
"Usmas zaķīšu pirtiņa - Bunny house,2021,8.8,9.3,1,3,50,15,1,,,1,1,,,,,,,,,,1,1,"
"Holiday home Kolka-VĀRPAS,2020,9.5,9.5,1,2,90,25,1,1,,1,1,,,1,1,1,,,,,,,"
"Fontaine Valhalla Hotel,2009,8.3,9.6,0,2,30,18,1,1,,1,1,1,,1,1,,1,,,1,,,1"
"Apartments Vitenberg,2015,9.4,9.9,1,2,70,50,1,1,1,1,1,,,1,,,1,,,,,,"
"Hotel Libava,2009,8.8,9.5,0,2,114,22,1,1,,1,1,,,,,,,,,,,1,"
"Apartamenti Pūpoli,2022,9.9,9.6,2,3,64,68,1,,,1,1,1,,1,,,1,,,,,,"
"Laukbaloži Holiday houses,2022,8.7,8.6,2,3,97,60,1,1,,1,1,,,,1,1,,,,,,,"
"Mājīgs dzīvoklis Salacgrīvā,2018,8.5,8.8,1,2,62,45,1,,,1,1,,,1,,,,,,,,,"
"Grundenberga,2022,9.3,8.9,0,2,50,20,,,,1,1,,,,,,,,,,,,"
"Jaunāmuiža Apartamenti,2019,9,8.2,1,2,80,21,1,,,1,1,,,1,,,1,,,,,,"
"Balvu centrs,2023,7.3,9.2,2,3,45,70,1,,,1,1,,,1,1,,1,,,,,,"
"Apartamenti Bulvāris,2018,9.5,9.4,2,2,50,44,1,,,1,1,1,,1,,,1,,,,,,"
"DvīņuMājas,2014,9.1,9.8,2,5,100,100,1,,,1,1,1,,1,1,1,1,,,,,,"
"Šaha Kluba Apartamenti,2014,9.7,9.9,1,2,80,46,1,,,1,1,1,,1,,,1,,,,,,"
"Good J&I apartment,2023,9.7,9.5,0,2,61,72,1,,,,,1,,1,,,,,,,,,"
"Motel Sapnis,2014,7.9,8,0,2,40,18,,,,1,1,,,,,,,,,1,,,"
"Estate Holiday home,2017,9.5,9.4,3,3,108,120,1,,,1,1,1,,1,1,,,,,,,,"
"Tūrisma mītne ZVIEDRI,2022,9.4,9.9,1,2,58,37,1,,,1,1,,,1,1,,,,,,,,"
"Centra apartamenti,2023,9.8,9.7,1,2,65,52,1,,,1,1,1,,1,,,,,,,,,"
"Rudzupuķes,2016,8.4,8.5,0,2,48,25,1,,,1,1,,,,,,,,,1,,,1"
"Meža māja,2020,9.4,9.5,1,3,70,35,1,1,,1,1,1,,1,1,,1,,,,,,"
"kvartira,2022,8.1,8.4,1,2,39,39,1,,,1,1,,,1,,,,,,,,,"
"Rēzijas,2013,9.4,9.5,0,2,45,15,1,,,1,1,,,,,,,,,,,1,"
"Sniegi Apartments,2019,9.4,9.4,3,8,83,100,1,,,1,1,,,1,,,,,,,,,"
"Viesnīcas Jolanta apartamenti,2015,7.6,7.6,0,2,45,24,1,,,1,1,,,,,1,1,,,,,,"
"Elen White Apartment,2019,9.4,9.5,1,2,58,41,1,,,1,1,1,,1,,,,,,,,,"
"Guest House 'Selgas', Engure,2022,9,9,2,5,85,50,1,,,1,1,,,,,,,,,,,,"
"Apartamenti Bulvāris,2018,9.5,9.4,2,2,50,44,1,,,1,1,1,,1,,,1,,,,,,"
"DvīņuMājas Vintage B&B,2019,7.9,9,1,3,55,32,1,,,1,1,1,,1,1,,1,,,,,,"
"Kempings Kalnavoti,2019,9.4,9.6,0,2,100,60,,,,1,1,,,,,,,,,,,,"
"Wolf Cottage,2023,9.9,9.6,1,2,108,25,1,1,,1,1,,,,,1,1,,,,,,"
"Design apartments Jūrmāja,2021,9.8,9.7,1,3,100,35,1,,,1,1,,,,,,,,,,,,"
"Bērzlejas2,2022,9.4,9.7,1,2,70,20,1,1,1,1,1,,,,1,1,,,,,,,"
"Melīna,2018,9.3,8.8,1,2,42,29,1,,,1,1,1,,1,,,,,,,,,"
"Brīvdienu māja Saule,2019,9.6,9.3,2,6,153,90,1,1,,1,1,1,,1,1,1,,,,,,,"
"Holiday home Migliņas,2023,10,10,4,15,305,170,1,1,,1,1,1,,1,1,1,,,,,,,"
"Elen,2022,8.9,9,2,3,56,55,1,,,1,1,1,,1,,,1,,,,,,"
"Three By The Sea apartments at Albatross Home,2023,9.9,9.9,1,2,82,35,1,1,,1,1,,,1,,1,,,1,1,,,1"
"Kolka, Latvia,2023,9.1,8.2,1,2,78,37,1,,,1,1,1,,1,,,,,,,,,"
"Atbrīvošanas aleja 80,2019,9.3,9.7,1,2,43,33,1,,,1,1,1,,1,,,,,,,,,"
"Lauvas Līcis,2017,9.5,9.3,0,2,45,29,1,,,1,1,,,,,,,,,,,,"
"Cesis Boulevard Apartments,2019,9.6,9.7,0,2,65,21,1,,,1,1,,,1,,,1,,,,,,"
"Sonia Apartments,2014,9.1,8.9,2,4,100,55,1,1,,1,1,1,,1,,,,,,,,,"
"Simple & Elegant Apartment,2019,9.6,9.5,1,2,99,64,1,1,,1,1,1,,1,,,,,,,,,"
"Gulbju māja - Swan house,2019,9.3,9.7,1,2,50,12,1,,,1,1,,,,,,,,,,1,1,"
"Estere,2012,9.8,9.8,1,4,75,80,1,1,,1,1,,,1,1,1,,,,,,,"
"Ķērpji,2013,9,9.2,1,3,50,45,1,,1,1,1,1,,,1,1,1,,,,,,"
"Mednieki Kalvene,2018,9.7,9.7,1,3,90,40,1,,,1,1,,,1,,,,,,,,1,"
"B&B Sandra,2020,9.3,9.3,0,2,45,40,1,,,1,1,,,,,,,,,,,1,"
"Apartment Sanita,2023,9.7,9.3,0,2,53,34,1,,,1,1,1,,1,,,,,,,,,"
"Wake nams ar pirtiņu,2023,9.3,9.6,0,2,70,15,,,,1,1,,,,,,,,,,,,"
"Butterfly House,2020,8.3,8.3,1,3,28,25,1,,,1,1,1,,1,1,1,1,,,,,,"
"Apartments Vitenberg,2015,9.4,9.9,1,2,70,50,1,1,1,1,1,,,1,,,,,,,,,"
"Center Apartments Tukums,2020,9.6,9.8,1,2,60,29,1,1,,1,1,1,,1,,1,,,,,,,"
"Marigolds,2015,8.4,9.3,0,2,40,25,1,,,1,1,,,,,,,,,,,,"
"Kempings Sniedzes,2012,8.9,9.4,0,4,60,22,1,,,1,1,,,,,,,,,,,,"
"Cēsu apartamenti,2023,9.7,9.9,1,2,50,31,,,,1,1,,,,,,1,,,,,,"
"Atpūtas vieta Jaunkārkliņi,2023,9.5,9.7,1,3,114,35,,,,1,1,,,,,,,,,,,,"
"Janne Hotel,2014,8.5,8.4,0,2,55,15,,,,1,1,,,,,,,,,,,,"
"Z - apartment,2018,9,8.9,1,2,48,35,,,,1,1,,,1,,,,,,,,,"
"Dream Boutique Apartments,2020,9.6,9.9,1,3,182,45,,1,,1,1,,,1,,,1,,,,,,"
"Brīvdienu māja ar pirti ""Strautkalni"",2021,9.7,9.7,1,2,110,40,,1,1,1,1,,,,,1,,,,,,,"
"Hotel Zaķīši,2016,7.9,8.5,0,3,70,20,,,,1,1,,,,,,,,,,,1,1"
"Pirts namiņš Zvaniņi,2017,9.2,9.3,1,2,80,45,,,,1,1,,,,,,,,,,,,"
"Birzītes 5,2022,8.5,8.7,0,2,49,16,,,,1,1,,,,1,,1,,,,,,"
"Atpūtas komplekss ''Klintis'',2021,9.5,9.5,1,4,188,120,,1,,1,1,1,,1,,,,,,,,,"
"Camping Oskalns,2017,9.5,9.6,0,3,95,36,,,,1,1,,,,,,,,,,,,"
"Colonel Suites & Apartments,2017,9,9.7,1,2,80,27,,,,1,1,1,,1,,,1,,,,,,"
"Sofija apartamenti,2017,8.9,9.5,2,4,39,45,,,,1,1,1,,1,,,1,,,,,,"
"A9A (Audēju 9 apartamenti),2017,9.6,9.7,1,2,70,38,,,,1,1,1,,1,,,1,,,,,,"
"Vējciems,2016,9.3,9.7,1,2,70,25,,1,,,1,1,,1,,1,1,,,,,,"
"Villa Vanilla,2017,9.4,9.5,1,4,100,42,,,,1,1,,,,,,,,,,,1,"
"Hannah,2021,9.5,9.5,2,2,60,41,,,,1,1,,,1,,,1,,,,,,"
"Pils Parka Apartamenti,2022,9.6,9.9,1,2,72,40,,,,1,1,,,1,1,,1,,,,,,"
"Refurnished Apartment in Rucava,2023,9.7,8.9,1,3,52,48,,,,1,1,1,,1,1,,,,,,,,"
"Annas Hotel - Design Hotel Spa Restaurant,2010,8.8,8.4,0,2,160,45,,,,1,1,,,,,,,,1,1,1,1,1"
"Apartamenti Jēkabpilī,2016,8.7,8.7,1,3,55,30,,,,1,1,,,1,,,1,,,,,,"
"Grand Palace Hotel - The Leading Hotels of the World,2005,8.9,9.7,0,2,139,19,,,,1,1,,,,,,,,,1,1,1,1"
"Maza Venecija-Kuldiga,2019,8.9,9.7,2,3,65,52,,,,1,1,1,,1,,,1,,,,,,"
"Vinkalni,2023,9.5,9.6,1,2,100,25,,1,,1,1,1,,,1,,,,,,,,"
"The Heart of Old Riga,2017,8.1,9.6,2,3,99,70,,,,1,1,1,,1,,,,,,,,,"
"Motel Brencis,2011,7.1,8.2,0,2,45,26,,,,1,1,,,,,,,,,,,,1"
"Apart Hotel Tomo FREE PARKING,2010,6.9,6.9,0,2,45,21,,,,1,1,,,,,,,,,,1,1,1"
"Pie Maijas,2011,8.8,9.4,1,2,40,15,,,,1,1,,,,,,,,,,,1,"
"Holiday Houses LILLE`S,2022,9.8,9.6,2,3,180,77,1,1,1,1,1,,,1,1,,,,,,,,"
"Apartment Anna,2019,9.6,9.3,1,3,60,52,1,,,1,1,1,,1,,,,,,,,,"
"Baltrozes,2023,9.9,9.8,1,2,102,26,1,1,,1,1,,,1,1,,,,,,,,"
"Guest House Zirga Smaids,2011,9.2,9.5,1,4,100,50,,,,1,1,,,,,,,,,,,,"
"Rezidence Wannas,2023,9.5,9.7,0,2,64,15,,,,1,1,,,,,,,,,,,,"
"Terra House,2022,9.5,9.7,3,4,94,55,1,1,,1,1,1,,1,1,1,1,,,,,,"
"Daugavpils Mark Rothko Art Center residences,2015,8.9,9.3,0,2,45,18,1,,,1,1,,,,,,,,,1,,,"
"Prie Jūros Papėje buvusi Aulaukio Baltija,2023,7.4,9.2,0,2,80,20,1,,,1,1,1,,,1,1,1,,,,,,"
"Kalniem Pāri Guest House,2023,9.4,10,0,2,64,16,1,,,1,1,,,,,,,,,,,,"
"Rietumkrasta seaside apartment,2021,9.6,9.6,1,2,53,63,1,1,,1,1,1,,1,,,,,,,,,"
"Duseli Holiday House Tutti,2020,9.6,9.5,1,2,124,20,1,1,,1,1,1,,1,1,,1,,,,,,"
"Sunny & Cozy Apartment with balcony in Valmiera,2023,9.3,9.1,0,2,59,39,1,,,1,1,1,,1,,,,,,,,,"
"Dodo Hotel,2008,8.1,8.1,0,2,34,19,1,1,,1,1,,,,,,,,,,,,"
"Old Town Apartment,2023,9.1,9.8,2,3,105,90,1,,,1,1,1,,1,,,,,,,,,"
"DOBELE apartment,2023,10,10,0,4,90,40,,,,1,1,,,,,,,,,,,,"
"Villa Lettonia,2022,9.9,10,0,2,145,18,,,,1,1,,,,,,,,,,,,"
"ApartHotel Riga,2012,7.9,8.4,0,2,27,20,,,,1,1,1,,1,,,,,,,,,"
"Mazligzdiņa,2015,9,9.4,1,5,60,40,,1,,1,1,,,1,,1,,,,,,,"
"Zelta Apelsīna apartamenti,2022,9.6,9.9,0,2,78,32,,,,1,1,,,1,,,1,,,,,,"
"Luxury Stable 1,2023,9.6,9.5,2,2,58,43,,,,1,1,1,,1,,,1,,,,,,"
"Sančo Rančo,2023,9.4,9.2,1,2,35,10,,1,,1,1,,,,1,,,,,,,,"
"Zemene,2023,9.7,9.7,1,3,84,75,1,1,,1,1,1,,1,1,1,,,,,,,"
"HANDMADE LATGOLA - vairāk kā vienkārši ""naktsmītne"",2020,9.7,9.7,2,4,90,100,1,1,,1,1,,,1,1,1,,,,,,,"
"ALDO comfort,2021,9.4,9.3,1,2,60,47,,,,1,1,1,,1,,,1,,,,,,"
"Lielbrieži 8,2018,9,8.6,1,6,124,55,1,,,1,1,,,1,1,1,,,,,,,"
"Baltic Sea Dunes Apartments,2016,9.8,10,1,2,115,34,1,1,,1,1,1,,1,1,1,,,,,,,"
"Viesu Nams Jūras sapņi,2016,8.2,9.4,1,4,26,23,1,,,1,1,,,,1,,,,,,,,"
"Magnolia apartment,2022,9.3,9.6,1,2,36,36,,,,1,1,,,,,,,,,,,,"
"Jelena Apartment,2023,9.2,8.2,1,2,48,36,1,,,1,1,1,,1,,,1,,,,,,"
"Apartaments Nr. 33 ( Viesu Nr. 4),2022,9.4,9.5,0,2,59,30,1,,,1,1,,,,,,,,,,,,"
"Ķestermuiža,2022,10,10,7,12,479,20,1,1,,1,1,,,1,1,,,,,,,,"
"Dzintari IR,2020,9.6,9.3,3,1,136,120,1,1,1,1,1,,,1,1,1,,,,,,,"
"A place to take a rest.,2023,9.4,9.4,0,2,59,53,1,,,1,1,1,,1,,,,,,,,,"
"Ex Factory apartment,2018,9.1,9.6,1,3,133,51,1,,,1,1,1,,1,,,,,,,,,"
"Apartamenti Jēkabpilī,2016,8.7,9.6,1,3,55,30,1,,,1,1,,,1,,,1,,,,,,"
"Zvejnieku māja,2023,9.6,9.7,0,2,58,23,,,,1,1,,,,,,,,,,,,"
"Apartment City Heart,2021,9.1,9.7,1,2,59,38,1,,,1,1,1,,1,,,,,,,,,"
"Salmiņu Pirtsmāja,2023,9.7,10,2,3,118,60,1,,,1,1,1,,1,1,1,,,,,,,"
"Višķezers,2014,9,9.7,0,2,30,15,1,1,,1,1,,,,1,,,,,,,1,"
"Skolas 1,2019,7.9,9.2,2,6,57,52,1,,,1,1,1,,1,,,1,,,,,,"
"Holiday Home Bērzlejas,2014,9.5,9.7,1,2,65,50,1,1,,1,1,,,1,1,1,,,,,,,"
"Jaunkades,2023,9.7,10,1,7,91,80,1,1,,1,1,,,,1,1,,,,,,,"
"Dundaga Axe & Archery guesthouse,2023,9.3,9.4,2,4,88,56,1,,1,1,1,,,1,1,,,,,,,,"
"Zaļais namiņš,2014,9.5,9.7,1,3,99,85,1,1,,1,1,,,1,,1,,,,,,,"
"Sunset Hotel,2008,7.8,9.5,1,2,58,18,1,,,1,1,,,,,1,,,,,,,"
"Villa Gāles Hotel,2015,7.3,7.3,0,2,38,17,1,,,,,1,,,,1,,,,,,,"
"R.Wolf castle,2022,9.4,9.4,1,2,43,30,1,,,1,1,,,,,,,,,,,,"
"Albatross,2013,8.2,9.1,0,2,28,24,1,,1,1,1,,,,,,,,,,,,"
"Skaistkrasti,2017,8.4,8.4,1,2,80,35,1,1,,1,1,1,,1,1,1,,,,,,,"
"Studio apartment,2022,9.6,9.4,1,2,50,30,1,,,1,1,,,1,,,1,,,,,,"
"Grand Hotel Kempinski Riga,2017,9.4,9.8,0,2,277,35,1,,,1,1,,,,,,,,1,1,1,1,1"
"Apartment Paula,2021,9.5,8.9,1,3,55,52,1,,,1,1,,,1,,,,,,,,,"
"Tamara Suites & Apartments,2018,9.4,9.8,0,2,93,24,1,1,,1,1,,,1,,,,,,,,,"
"KEMERI Hotel in National Park - FREE PARKING,2017,8.1,8.5,0,2,57,21,1,,,1,1,,,,,,,,,,,,"
"BIRZI Parkside Lodge,2023,9.5,9.1,1,2,64,30,1,1,,1,1,1,,,1,,,,,,,,"
"Andy Service Appartments,2023,7.7,7.7,0,2,34,19,1,,,1,1,,,1,,,,,,,,,"
"Skrunda Apartments Elandrum,2019,9.4,9.2,2,4,68,58,1,,,1,1,1,,1,1,1,,,,,,,"
"Pirts ""Spārītes"",2019,9.6,9.6,2,6,120,59,1,1,,1,1,,,,1,1,,,,,,,"
"Viking house in the tree! Jacuzzi, Sauna,apkure!,2020,9.1,8.9,1,3,85,35,1,1,,1,1,,,,1,,,,,,,,"
"Brīvdienu māja Kažoki,2013,9.7,9.7,2,3,80,153,1,,,1,1,,,1,1,1,,,,,,,"
"VA Apartments,2021,9.1,9.4,0,2,57,44,1,,,1,1,1,,1,,,,,,,,,"
"Ergli Apartment,2018,9.5,9.3,1,2,60,55,1,,,1,1,1,,1,,,,,,,,,"
"Miera osta,2020,9.5,9.3,1,2,80,25,1,1,,1,1,,,1,1,1,1,,,,,,"
"ROOM 10,2019,9.5,9.2,1,2,53,33,1,,,1,1,,,1,,,1,,,,,,"
"Zaķu muiža,2021,8.9,9,0,2,58,30,1,1,1,1,1,,,,1,,,,,,,,"
"Boat House,2021,9.9,10,1,2,162,55,1,1,,1,1,,,1,,1,,,,,,,"
"Valensija,2010,7.2,8.6,0,2,70,20,1,,1,1,1,,,,1,1,,,,,,1,"
"Mellene 1 bedroom house in nature & hot tube,2021,9.5,9.3,1,2,60,20,1,,,1,1,,,,1,1,1,,,,,,"
"Viesu nams Barži,2015,9.6,9.5,0,2,46,15,1,1,1,1,1,,,,,,,,,,,,"
"Hotel Erfolg,2011,7,7,0,2,29,15,1,,1,1,1,,,,,,,,,,,,"
"Marine Hotel Jūrmala,2021,9.1,8.4,0,2,68,19,1,,1,1,1,,,,,,,,,,,,"
"Baltās anemones,2018,9.6,9.5,3,7,144,200,1,1,1,1,1,1,,1,1,1,,,,,,,"
"Apartament Dzintari,2023,9.1,10,2,3,111,80,1,,,1,1,1,,,,1,,,1,,,,"
"Vītola apartamenti,2023,9.9,9.9,0,2,115,72,1,,,1,1,1,,1,,,,,,,,,"
"Raxti,2018,9.6,9.1,1,2,57,28,1,,,1,1,1,,1,1,1,1,,,,,,"
"Viesu nams Donas,2021,9.7,9.5,0,2,60,19,1,1,1,1,1,,,,1,,,,,,,,"
"Boutique Hotel KRISTOFS,2007,8.9,9.8,0,2,80,23,1,1,,,1,,,,,,,,,,,1,"
"Viesu nams Saulainie krasti,2017,8.8,8.8,0,2,85,30,1,1,1,1,1,1,,,1,1,,,,,,,"
"St. Peter's Boutique Hotel,2009,8.7,9.6,0,2,101,22,1,1,,,,,,,,,,,,,,1,"
"Atpūtas komplekss Lilaste,2012,8.4,9.2,0,2,40,15,1,1,1,,1,,,,,,,,,1,,,"
"Juglaslīči,2023,10,9.5,1,2,108,42,1,1,,1,1,1,,1,1,,,,,,,,"
"Closer to the Sea,2022,9.6,9.5,1,2,65,50,1,,,1,1,1,,1,1,,1,,,,,,"
"Hotel Edvards,2008,8.9,9.5,0,2,90,20,1,,,1,1,,,,,,,,,,,1,"
"Burziņi,2017,9.7,9.7,1,3,65,56,1,1,,1,1,1,,1,1,1,,,,,,,"
"Birinu Pils,2012,9.2,9.4,0,2,80,17,1,,1,1,1,,,,1,,,,,1,,,"
"Dzivoklis ar saunu,2022,9.3,8.3,0,2,60,52,1,,1,,,1,,1,,,,,,,,,"
"Idille1,2023,9.9,10,1,2,130,54,1,1,,1,1,1,,,1,,,,1,,,,"
"Albatross Getaway by the sea, SPA and forest with a Terrace,2022,9.5,9.6,1,2,83,39,1,1,,1,1,1,,1,1,,,,1,,,,"
"Glempings Velo Latgale,2021,9.7,9.6,0,2,76,40,1,1,,1,1,,,,1,,,,,,,,"
"Viļņi,2017,9.2,9.8,0,4,80,70,1,1,,1,1,,,,1,1,,,,,,,"
"Camping Bušas,2012,9.1,8.6,1,7,75,60,1,1,1,1,1,,,,,,,,,,,,"
"Family Garden Apartments with Free Parking & Playground,2018,8.9,8.2,2,3,67,36,1,1,,1,1,1,,1,1,1,,,,,,,"
"Putnu pirts,2021,9.7,9.5,1,2,140,27,1,1,1,1,1,,,,1,1,,,,,,,"
"West Key Apartment,2021,9.5,9.1,1,2,51,55,1,,,1,1,,,1,1,1,1,,,,,,"
"Viesu nams ADLERI,2023,9.3,8.9,0,2,59,20,1,1,,1,1,,,,1,,,,,,,,"
"Wild Meadow,2023,10,8.8,1,2,83,15,1,1,,1,1,,,,1,1,,,,,,,"
"Apartment for You,2018,9,93,1,2,55,30,1,,,1,1,1,,1,,,,,,,,,"
"Ventspils Rātslaukuma apartamenti,2017,9.5,9.9,0,2,60,29,,,,1,1,1,,1,,,1,,,,,,"
"Lauma,2017,8.7,9.6,2,6,42,30,1,,,1,1,,,,,,,,,,,,"
"Biržu Muižas Apartamenti,2022,8.7,9.2,2,2,50,58,1,,,1,1,,,,,,,,,,,,"
"A1 apartments with free parking,2017,8.5,9.3,1,2,62,45,1,,,1,1,,,1,,,1,,,,,,"
"Charming Family Vacation Home,2023,8,8,2,4,71,130,1,,,1,1,1,,1,,1,,,,,,,"
"Place of bliss,2023,8,8,1,2,79,180,1,1,,1,1,1,,1,,,,,,,,,"
"Kupfernams,2012,8,9.3,0,2,59,16,1,,,1,1,,,,,,,,,,,1,1"
"Valensija,2010,7.2,8.6,0,2,70,20,1,,1,1,1,1,,,1,1,,,,,,,"
"Upes Māja,2022,9.8,9.8,1,2,154,35,1,1,,1,1,,,1,1,,,,,,,,"
"Viesu māja Manturi,2020,8.1,8.7,1,2,60,30,1,1,1,1,1,,,,1,,,,,,,,"
"Aizkraukle Penthouse apartment,2022,9.2,9.2,0,2,50,25,1,,,1,1,,,1,,,,,,,,,"
"Sunrise Apartment,2022,9.4,8.5,1,2,54,37,1,,,1,1,1,,1,,,,,,,,,"
"Church Hill Apartment,2023,9.6,8.3,1,2,45,34,1,,,1,1,1,,1,,,,,,,,,"
"Brīvdienu māja ""Celmiņi"" un melnās pirts pieredze,2018,9.7,9.6,3,4,58,85,1,1,,1,1,,,1,1,1,,,,,,,"
"Rakstvežu apartamenti,2021,9.5,9.7,1,2,66,51,1,,,1,1,1,,1,,,,,,,,,"
"Aitiņlauvas,2013,8.6,8.3,0,2,55,18,1,,,1,1,,,,1,,,,,1,1,1,1"
"Ring Stop Holiday Apartment,2021,9.5,9.4,2,4,130,70,1,1,,1,1,1,,1,1,,,,,,,,"
"Schneider,2019,9.1,9.7,3,5,219,120,1,1,,1,1,1,,1,1,,,,,,,,"
"Kurzemītes apartamenti,2021,9.7,9.4,1,2,47,35,1,,,1,1,1,,1,,,,,,,,,"
"Guest house Kajaki-Ragaciems,2017,9.5,9.6,0,2,60,20,1,1,,1,1,,,,1,1,,,,,,,"
"Ezerdzirnas,2023,10,10,1,2,83,30,1,1,1,1,1,1,,1,1,1,,,,,,,"
"Двухкомнатная квартира Smart-Home,2019,8.6,9.6,1,4,38,40,1,,,1,1,1,,1,,,1,,,,,,"
"Dzintarmājas,2021,9.3,8.9,1,2,80,25,1,1,,1,1,,,,,,,,,,,,"
"Ozoliņi,2015,9.5,9.7,1,3,105,24,1,1,,1,1,1,,1,1,1,,,,,,,"
"Ligatne's apartment,2017,9,9.5,1,2,46,31,1,,,1,1,,,,,1,1,,,,,,"
"Apartment Kurši,2023,9,8.7,2,3,75,72,1,,,1,1,,,1,,,1,,,,,,"
"Guest House Pilsētnieki,2012,8.8,9.3,1,2,50,25,1,,1,1,1,,,,1,1,,,,,,1,"
"Jūvgumegi,2021,9,9.2,1,2,80,20,1,1,,,,,,1,,,1,,,,,,"
"WILLOW,2021,9.5,9.8,1,2,69,21,1,1,,1,1,1,,1,1,1,,,,,,,"
"Viesu māja Virši,2023,9,9.2,1,2,72,27,1,1,1,1,1,,,1,,1,,,,,,,"
"The sunny willow apartments,2021,9.5,9.6,1,2,34,30,1,,,,,1,,1,,,,,,,,,"
"Cosy Seaside Apartment,2021,9.5,9.4,1,2,63,64,1,,,1,1,,,1,,,1,,,,,,"
"Brother street apartment,2022,9.7,9.7,1,2,48,57,1,,,1,1,1,,1,,,,,,,,,"
"Round house,2015,8.6,8.9,1,2,88,28,1,1,,1,1,,,1,1,1,,,,,,,"
"Brīvdienu māja Kažoki,2013,9.7,9.7,2,3,80,153,1,,1,1,1,,,1,1,1,,,,,,,"
"LILLE`S apartment,2023,9.6,10,1,2,85,47,1,,,1,1,1,,1,,,,,,,,,"
"Old Town Apartments,2019,8.6,9.3,1,2,39,16,1,,,1,1,1,,1,,,1,,,,,,"
"Hostelis R27,2021,8.6,8.6,0,2,27,15,1,,,1,1,,,,,,,,,,,,"
"MIRO Rooms - quiet chic, free parking, self check-in,2023,9.6,9.6,1,2,100,26,1,,,1,1,1,,1,,,,,,,,,"
"Jūrkalnes Meža SPA,2019,8.5,8.8,1,4,96,44,1,1,,1,1,,,1,1,1,1,,,,,,"
"For families and friends,2021,9.3,9.5,2,3,82,58,1,,,1,1,1,,1,,,,,,,,,"
"Cosy&White apartment in Daugavpils,2020,9.5,8.9,1,2,45,35,1,,,1,1,1,,1,,,,,,,,,"
"Randu klēts,2022,9.5,9.8,1,5,117,98,1,1,,1,1,1,,1,1,1,,,,,,,"
"Melamar,2023,9,10,1,2,80,24,1,1,,1,1,1,,,1,1,,,,,,,"
"Residential Barona Apartments in Riga Centre,2019,8.6,9.5,1,2,92,20,1,,,1,1,1,,1,,,1,,,,,,"
"Svētgravas,2020,9.9,9.4,1,4,72,70,1,1,,1,1,,,,1,,,,,,,,"
"Pilsētas glempings - ""Gliemezis"",2023,9,9.2,1,2,33,12,1,1,,1,1,,,,1,,,,,,,,"
"Kaltenes Liepziedi,2022,8.8,8.3,1,3,121,100,1,,1,1,1,1,,1,1,1,,,,,,,"
"Jurmala Guest House Markiza,2017,9.4,9.3,1,2,60,15,1,1,,1,1,,,,,1,,,,,,,"
"Two Wheels,2013,8.4,8.7,0,2,67,15,1,,,1,1,,,,1,,,,,,,1,"
"Pāvilostas Šīfermāja,2016,9.7,9.8,1,2,65,12,1,1,,1,1,1,,,1,1,,,,,,,"
"Apes ielas apartaments,2016,9.1,9.9,1,2,50,36,1,1,,1,1,1,,1,1,1,,,,,,,"
"Station street apartments,2023,9.4,9.7,1,2,50,25,1,,,1,1,,,,,,,,,,,,"
"Sniegi design Cabins,2023,9.5,9.3,2,3,175,37,1,1,1,1,1,,,,,,,,,,,,"
"Lakeside Escape,2023,9.7,10,4,5,389,350,1,1,,1,1,,,1,1,1,,,1,,,,"
"Cozy&Chic - A modern apartment with a garden terrace,2023,9.5,9.5,1,2,98,51,1,1,,1,1,,,1,1,,,,,,,,"
"GailumuFamily House,2021,9.1,8.9,1,2,81,48,1,1,,1,1,,,,1,1,,,1,,,,"
"Dome Hotel,2009,9.4,9.9,0,2,157,25,1,,1,,,,,,,,,,,,,1,"
"LK Apartment,2023,9.4,8.5,1,2,59,55,1,,,1,1,1,,1,,,1,,,,,,"
"Elizabeth's YH Rooms,2006,8.3,9.3,0,2,42,15,1,,,1,1,1,,,,,,,,,,,"
"Katrin Apartments,2015,9.1,9.3,0,2,113,61,1,1,,1,1,,,1,,,,,,,,,"
"Tree House,2015,8.7,9.7,0,2,57,30,1,,,1,1,,,,,,,,,,,,"
"Under The Pine,2022,9.4,9.2,1,2,111,50,1,1,,1,1,1,,1,1,1,,,,,,,"
"Alunana Suites,2023,8.7,9.5,1,2,77,32,1,,,1,1,1,,1,,,1,,,,,,"
"Atpūtas centrs Paideri,2014,8.1,9.1,0,2,30,15,1,,1,1,1,,,,1,,,,,,,,"
"Apartaments Ogre.,2022,7.7,9.3,2,3,50,47,1,,,1,1,,,1,1,,,,,,,,"
"Valdemara Residence,2015,8.7,9.3,0,2,35,17,1,,,1,1,,,,,,,,,,,,"
"Kempings Lilaste.com,2017,8.1,8.9,2,6,75,30,1,,1,1,1,,,,,,,,,1,,,1"
"Pakrasti,2014,9.2,9.7,5,9,105,140,1,1,,1,1,,,1,1,,,,,,,,"
"Straumes apartamenti,2023,9.5,9.3,1,2,48,26,1,,,1,1,1,,,,,,,,,,,"
"Holiday Home Kolka,2017,9.5,9.4,1,2,90,25,1,1,,1,1,,,1,1,1,,,,,,,"
"Rozenstein design residence,2022,9.9,9.7,1,2,59,49,1,,,1,1,1,,1,1,,,,,,,,"
"Holiday Home Atmatas,2013,9.3,9.6,2,10,90,160,1,1,,1,1,1,,1,1,1,,,,,,,"
"Apartamenti Ores,2013,9.3,9.5,0,3,75,35,1,,,1,1,,,1,1,1,1,,,,,,"
"Brīvdienu māja-Lauvas Līcis,2021,9.7,9.2,1,3,130,32,1,1,1,1,1,,,,,1,1,,,,,,"
"romantic apartment,2023,8.6,8.6,1,2,33,25,1,,,1,1,1,,1,,,,,,,,,"
"Ventspils Garden house,2019,9,8.8,2,2,35,25,1,1,,1,1,,,1,1,1,1,,,,,,"
"Park Apartments,2017,9.5,9.7,2,5,70,100,1,,,1,1,1,,1,1,1,,,,,,,"
"Dzintars Hotel,2010,8.3,8.3,0,2,95,25,,1,,1,1,,,,1,,,,,,,,"
"Mājīga istaba ar balkonu un vannasistaba, bezmaksas elektroauto uzlāde,2023,9.9,9.7,0,2,55,25,1,1,1,1,1,,,,1,,,,,  ,,1,"
"Hestia Hotel Jugend,2010,8.9,8.9,0,2,112,17,,,,1,1,,,,,,,,,,,1,1"
"Vidumgrāvja apartamenti,2019,9.3,9.5,1,2,35,34,1,,,1,1,1,,1,,,1,,,,,,"
"Swan City Apartment,2020,9.8,9.5,1,2,49,40,1,,,1,1,,,1,,,1,,,,,,"
"Brīvupes,2021,9.4,8.8,0,2,52,17,,,,1,1,,,,1,,,,,,,,"
"Nameja Apartments,2019,9,8.9,0,4,39,35,,,,1,1,,,1,,,,,,,,1,"
"Pie Andra Pitragā,2017,9,9.3,1,2,75,25,1,1,,1,1,,,,,1,,,,,,,"
"Apelsīns,2016,8.6,9.5,0,5,40,15,1,,1,1,1,,,,1,,,,1,,,1,1"
"Brīvdienu māja Pūces,2023,9.7,9.4,1,3,72,62,,,,1,1,,,1,,,,,,,,,"
"Lauku māja Riesti,2020,9.4,9.4,2,4,54,50,1,,1,1,1,1,,1,1,1,1,,,,,,"
"RUMIDO Suite,2020,9.6,9.6,2,5,95,90,1,1,,1,1,1,,1,1,,,,,,,,"
"KK Apartment,2022,9.2,9.5,1,2,80,56,1,1,,1,1,1,,1,1,1,,,,,,,"
"Old City Park Apartment,2019,8,9.5,2,5,181,80,1,,,1,1,1,,1,1,,,,,,,,"
"SenLiepāja,2015,6.4,8.7,0,3,25,16,,,,1,1,,,,,,,,,,,,"
"Laipu residence,2021,8.4,9.7,1,2,77,32,,,,,1,,,1,,,1,,,,,,"
"Ziemeļu terases,2016,9.5,9.3,3,5,200,200,1,1,,1,1,,,,1,1,,,,,,,"
"Kotedža Tīkli,2020,9.5,9,1,2,75,50,1,1,1,1,1,1,,1,1,1,,,,,,,"
"Ventspils Apartments,2012,8.7,9.2,1,2,38,30,,1,,1,1,,,1,,,1,,,,,,"
"Vilks un Briedis Holiday Home & Wellness Area,2014,9.4,9.5,2,7,150,140,,1,,1,1,,,1,1,1,,,1,,,,"
"Gold Sun Zelta Saule,2020,9.5,9.5,2,8,75,60,,,,1,1,,,1,1,1,1,,,,,,"
"Harmonija,2022,9.6,9.5,2,3,65,45,,,,1,1,,,1,,,1,,,,,,"
"Hostel Viktorija with Private Rooms,2018,7.8,8.7,0,2,53,20,,,,1,1,1,,,,,,,,,,,1"
"Sauleskalns,2016,9.5,9.6,3,7,100,100,1,1,1,1,1,,,1,1,1,1,,,,,,"
"Katrin Apartments,2015,9.1,9.3,0,2,113,61,,1,,1,1,,,1,,,1,,,,,,"
"Studijas tipa vienistabas dzīvoklis (mākslinieku darbnïca),2019,9.3,9.3,1,2,65,33,,,,1,1,1,,1,,,1,,,,,,"
"Audeju Apartments,2017,8.8,9.4,1,2,110,70,,,,1,1,,,1,,,1,,,,,,"
"Rezidence,2021,8.3,8.1,0,3,22,15,,,,1,1,,,,1,,,,,,,,"
"Labieši,2023,9.4,9.1,1,2,74,20,,1,,1,1,1,,,1,,,,,,,,"
"Anniņas,2023,7.8,8.5,0,2,22,15,,,1,1,1,,,,1,,,,,,,,"
"Viestura apartamenti,2018,7.9,9.4,1,2,33,30,,,,1,1,,,1,,,1,,,,,,"
"Urban Van Glamping Riga,2023,9.5,9.6,1,2,68,10,,,,1,1,,,,,,,,,,,1,"
"Old Riga Central Family Apartment,2018,8.6,9.5,2,3,140,92,,,,1,1,1,,1,,,,,,,,,"
"Apartament No.4,2022,9.9,9.7,1,2,93,73,,,,1,1,1,,1,,,,,,,,,"
"Vilnīši,2021,9.4,9.8,2,3,90,40,,,,1,1,,,,,1,,,,,,,"
"Upmaļi,2013,8.3,8.4,0,2,41,25,,,1,1,1,,,,1,,,,,,,1,"
"Skyhouse Riga Private Penthouse and SPA,2021,8.2,8.8,1,3,190,260,,1,,1,1,1,,1,,,,,,,,,"
"Zaķu muiža,2021,8.9,9,0,2,58,20,,1,1,1,1,,,,1,,,,,,,,"
"Lauku viesnīca Valdenrode,2020,8,8.4,0,2,30,20,,,1,1,1,,,,,1,,,,1,,,1"
"Engure apartment “Big”,2023,9.5,9.2,2,5,58,60,,1,1,1,1,,,,1,1,,,,,,,"
"Sila terases,2022,9.4,9.4,1,3,79,35,,,,1,1,,,1,,,1,,,,,,"
"Concert Hall boutique apartment,2021,9.5,9.9,2,2,150,124,,,,1,1,1,,1,,,,,,,,,"
"Ceļinieks,2023,9.1,9.3,3,4,86,80,,,,1,1,1,,1,1,,,,,,,,"
"Rātes Vārti Apartamenti,2021,8.3,8.6,1,2,45,50,,1,1,1,1,,,1,1,,,,,,,,"
"Rīgas ielas apartamenti 1,2022,9.5,9.9,1,2,70,40,,,,1,1,1,,,,,1,,,,,,"
"Hotel Mezaparks,2010,8.4,9.1,0,2,62,30,,,1,1,1,,,,,,,,,,,,"
"Hotel Vilhelmine,2009,9.4,9.7,0,2,55,25,,,,1,1,,,,,,,,,,,1,"
"Skrunda Apartments Centrum,2018,9.3,9,1,3,56,46,,,,1,1,1,,1,1,,,,,,,,"
"Pussala Latgalē,2022,9.8,9.8,1,2,98,24,,1,1,1,1,,,1,1,1,1,,,,,,"
"Jungle SPA bungalows,2023,9.4,9.1,1,2,230,48,,1,,1,1,,,,,,,,,,,,"
"Gungas,2013,9.3,9.5,0,2,70,16,,,1,1,1,,,,1,,,,,,,,"
"Hotel Melturi,2011,9.2,9.2,0,2,45,18,,,1,1,1,1,,,1,1,,,,,,,"
"Viesu nams Lauciņi,2013,9.4,9.5,8,11,300,200,,1,1,1,1,1,,1,1,1,,,,,,,"
"Boutique Hotel Light House Jurmala,2010,9.4,9.9,0,2,210,31,,1,,1,1,,,,,1,,,,1,,,1"
"Albatross Getaway by the sea, SPA and forest with a Terrace,2022,9.5,9.6,1,2,83,39,,1,1,1,1,,,1,1,1,,,1,,,,"
"Lodes ielas Naktsmājas,2022,8.2,8.2,0,3,50,30,,,,1,1,,,,,,,,,,,,"
"Brīvdienu namiņš,2018,9.2,8.6,1,2,68,21,,1,,1,1,,,1,1,,,,,,,,"
"Ozolu gatve 2- no Cēsīm 7 km,2023,8.4,8.3,1,2,49,26,,,,1,1,,,1,,,1,,,,,,"
"Fontaine Mansion,2019,7.6,9,1,2,38,45,,1,,1,1,1,,1,,1,,,,,,,"
"Lindenhoff,2016,9.3,8.9,0,2,80,38,,,,1,1,1,,,1,1,,,,,,,"
"Emily,2021,9.5,9.5,0,2,61,16,,,,1,1,1,,,1,,,,,,,,"
"Maza Kalna 27,2016,7.6,8,0,2,37,16,,,1,1,1,1,,,,,,,1,,,,"
"Gaujas apartaments,2019,9.5,9.5,1,2,55,34,,1,,1,1,,,1,1,1,,,,,,,"
"Fancy 2 bed condo in Riga centre,2021,7.9,9.4,1,2,41,19,,,,1,1,,,,,,1,,,,,,"
"Guest house Lilac in apple tree park,2021,9.4,9.4,1,2,74,58,,1,1,1,1,,,1,1,1,,,,,,,"
"Meldri,2016,9.7,9.6,2,7,195,140,,1,1,1,1,,,,1,,,,,,,,"
"Jūras Brīze,2008,8.9,9.5,0,2,63,30,,,,1,1,,,,,,,,,1,,,1"
"Motel Minerva,2021,6.5,6.5,0,2,28,19,,,,1,1,,,,,,,,,,,,"
"Allegro,2020,8.9,9.5,2,3,60,50,,,,1,1,1,,1,,,1,,,,,,"
"Zalu street apartment 37A,2022,9.6,9.2,1,2,45,38,,,,1,1,1,,1,,,1,,,,,,"
"privatmaja-studiodzivoklis,2018,9.7,9.2,1,2,50,65,,1,,1,1,1,,,1,1,,,,,,,"
"Krusttēvu māja,2019,9.4,9,0,2,45,16,,,,1,1,,,,1,1,,,,,,,"
"Atpūtas komplekss Godeļi,2014,8.8,8.5,1,2,50,15,,1,1,1,1,,,,,1,,,,,,,"
"Siguldas Street Apartment in Ventspils,2014,9.6,8.6,1,3,25,31,,,,1,1,1,,1,,,1,,,,,,"
"Apartamenti Starp Krastiem,2020,9.5,9.5,1,4,50,50,,,,1,1,1,,1,,,1,,,,,,"
"kafejnīca Laura,2019,7.5,7.5,0,2,45,20,,,1,1,1,,,,,,,,,,,,"
"BohoAlbatross,2022,9.4,9.7,1,2,73,25,,,,1,1,1,,1,,,1,,,,,,"
"Fox Apartments - Pie Lapsas,2020,9.4,9.3,1,2,40,26,,,,1,1,,,,,,1,,,,,,"
"Wooden Villa,2014,9.5,9.9,0,2,125,54,,1,,1,1,1,,1,1,1,1,,,,,,"
"Pulkvedis Guest House,2011,8.7,8.2,0,4,50,20,,,1,1,1,1,,,1,1,,,,,,,"
"Talsi bus station apartment,2022,9.3,9.2,1,2,110,52,,,,1,1,,,1,,,1,,,,,,"
"Lovely Old Riga studio,2022,8.2,9.7,1,2,123,52,,,,1,1,1,,,,,1,,,,,,"
"Viesu nams Vizbulītes,2021,8.2,8.7,0,2,30,25,,,1,1,1,,,,,1,,,,,,,"
"Barinu apartments,2022,9.6,9.7,1,2,56,47,,,,1,1,1,,1,1,,1,,,,,,"
"Birzes dzīvoklis (Birzes condo),2023,10,10,1,2,72,35,,,,1,1,,,1,,,,,,,,,"
"Frica Ludvika Garden Apartment,2021,9.6,9.8,2,5,152,85,,1,,1,1,1,,1,1,1,,,,,,,"
"Bārtas Krasts,2018,9.3,9.3,1,6,70,32,,,1,1,1,,,,,1,,,,,,,"
"Lillium,2022,10,10,3,4,275,170,,1,1,1,1,,,1,1,1,,,,,,,"
"First Price,2020,7.8,8,0,2,55,20,,,1,1,1,,,,1,,,,,,,,"
"Old Riga Two Bedroom Apartment At Galleria,2019,8.9,10,2,4,237,76,,,,1,1,,,1,,,,,,,,,"
"Apartment by the sea (5 minute walk),2019,9.5,9.6,2,5,80,50,,,,1,1,1,,1,1,1,1,,,,,,"
"V311 Apartment,2022,9.5,9.3,2,4,80,61,,,,1,1,,,1,,,,,,,,,"
"Apartment in Cēsis,2023,9.6,8.4,1,2,72,36,,,,1,1,1,,1,,,,,,,,,"
"Pazust Priedēs - Pine Retreat,2022,9.8,9.6,1,3,150,35,,1,,1,1,,,1,1,1,,,,,,,"
"Lapsu ciems,2022,9.4,9.4,1,3,92,25,,1,1,1,1,,,,1,1,,,,,,,"
"Viesu nams Jaunzilakši,2015,9.7,9.5,2,3,70,18,,,1,1,1,,,,1,,,,1,,,,"
"Jaunvaltes,2023,9.5,9.2,0,2,30,20,,,,1,1,,,,,1,,,,,,,"
"Viesu nams SAKNĪTES,2020,9.1,8.9,1,2,68,35,,1,1,1,1,,,1,1,1,1,,,,,,"
"Apartment ""CozyPlace"",2022,8.5,9.7,1,2,62,18,,,,1,1,,,,,,,,,,,1,"
"Leo,2011,8.9,9.6,0,2,54,16,,,,1,1,1,,,,,,,,,,1,"
"Brīvdienu māja mierpilnai ģimenes atpūtai Siltumnīca,2022,9.4,8.7,2,4,92,120,,1,1,1,1,,,1,1,1,,,1,,,,"
"Brassy apartment,2021,9.6,8.7,1,2,42,33,,1,,1,1,1,,1,,,,,,,,,"
"Amphora,2021,9.5,9.8,2,4,75,65,,1,1,1,1,,,1,1,,,,,,,,"
"Baltās Raganiņas pirts,2023,9.4,9.7,1,2,45,25,,1,1,1,1,,,,,,,,,,,,"
"Romantic Holiday House Nandi Rezidence Janupietis,2022,9.8,9.3,1,3,133,45,,1,1,1,1,,,1,1,1,,,,,,,"
"Vintage Pilot's house - Pūpoli,2021,9.8,9.4,1,6,140,150,,1,,1,1,1,,1,,1,,,,,,,"
"Hotel Atpūta,2010,8.3,8.4,0,2,59,19,,,1,1,1,,,,,,,,,,,,"
"Bella Riga Hotel with Self-Check in,2017,7.6,7.6,0,2,62,16,,,,1,1,,,,,,,,,,,,"
"TK apartamenti,2023,9.9,9.5,1,2,54,28,,,,1,1,1,,1,,,1,,,,,,"
"ZARIŅI,2021,9.8,9.8,2,9,210,120,,1,1,1,1,1,,1,,1,,,,,,,"
"Dzintaru apartamenti,2023,9.3,8.3,2,5,69,59,,,,1,1,,,1,,,,,,,,,"
"ATF Apartments,2022,9.4,9.8,0,3,103,55,,,,1,1,,,1,,,,,,,,,"
"Sprīdīši,2023,8.9,8.3,0,2,54,20,,,,1,1,,,,1,,,,,,,1,"
"Silazari Klapkalnciems,2022,9.3,8.7,2,3,120,35,,1,,1,1,1,,1,1,,,,,,,,"
"Lauviņu rezidence,2022,9.7,9.4,2,3,176,120,,1,1,1,1,,,1,1,1,,,,,,,"
"Medainie apartamenti,2012,8.6,9,0,2,40,20,,,,1,1,,,,1,,,,,,,,"
"Ergli Holiday Apartments,2019,9.6,9.4,1,2,60,50,,1,,1,1,1,,1,1,1,,,,,,,"
"Bajāri - Sauna (Banya),2017,8.4,8.6,0,8,70,55,,1,1,1,1,,,,1,1,,,,,,,"
"A, kas tja byus?,2018,9.6,9.3,1,2,55,38,,1,,1,1,,,1,,1,,,,,,,"
"Viesu Nams Vilhelmīne,2016,8.9,9.5,0,3,65,28,,1,,1,1,,,,,,,,,,,1,1"
"Vacation House Terraces,2019,9.5,9.5,2,3,70,70,,1,1,1,1,1,,1,1,1,1,,,,,,"
"Boutique Hotel Monte Kristo,2006,8.1,9.6,0,2,71,16,,,1,1,1,,,,,,,,,,1,1,"
"Ragnar Glamp Pitrags Lux PREMIUM,2023,9.7,9.5,1,2,229,29,,1,1,1,1,,,1,1,,,,,,,,"
"Central Riverside Apartments,2016,9.1,9.3,1,3,39,35,,,,1,1,1,,1,1,1,1,,,,,1,"
"Happy Hostel,2010,7.9,7.9,0,2,43,20,,,,1,1,,,,,,,,,,,,"
"Zelta Ābols,2022,8.6,8.5,0,2,44,15,,,1,1,1,,,,,,,,,,,1,"
"Oleru muiža,2022,9.8,9.5,0,2,123,34,,1,1,1,1,,,,,,,,,,,,"
"Hostel Nr.2,2021,9,9.3,0,2,40,16,,,,1,1,,,,,,,,,,,1,"
"Hotel ""Senleja"",2023,8.6,9,0,2,81,24,,,,1,1,,,,1,1,,,,,,,"
"Aina,2019,9.1,9.7,0,2,35,15,,,,1,1,,,,1,,,,,,,,"
"BalticApart Riga,2017,5,8,0,2,24,15,,,,1,1,1,,,,,,,,,,,"
"Concert Hall,2019,8.8,9.7,2,3,75,69,,,,1,1,1,,1,,,1,,,,,,"
"Elite Apartments,2021,9.1,8.3,1,2,68,43,,,,1,1,1,,1,,,,,,,,,"
"Hillhof 44,2022,8.7,9.1,1,2,90,51,,,,1,1,,,1,1,,,,,,,,"
"Brīvdienu māja Polīši,2014,9.5,9.6,3,6,100,100,,,1,1,1,,,,1,,,,,,,,"
"Kempings Raganas slota,2015,9,9.3,2,6,90,50,,,1,1,1,,,,1,,,,,,,,"
"Brīvdienu māja Jaunzvīņas,2023,9,8.8,2,4,108,38,,1,1,1,1,,,1,1,1,1,,,,,,"
"Anni,2015,9.7,9.8,1,3,56,30,,1,1,1,1,,,1,1,1,,,,,,,"
